Adjective,Noun,Frequency
normal,subgroup,95
integral,domain,74
finite,group,55
cyclic,group,49
positive,integer,47
abelian,group,46
complex,number,44
commutative,ring,44
real,number,38
direct,product,38
common,divisor,36
finite,field,36
boolean,algebra,36
finite,extension,32
binary,operation,29
single,error,29
great,divisor,28
null,space,28
left,coset,27
normal,extension,25
prime,number,22
such,cid,20
internal,product,20
simple,group,20
proper,subgroup,19
rigid,motion,18
multiplicative,group,18
maximal,ideal,18
irreducible,polynomial,18
minimal,polynomial,18
subnormal,series,17
linear,factor,17
mathematical,induction,16
rational,number,16
primitive,root,16
minimum,distance,16
algebraic,extension,16
solvable,group,15
inner,product,15
b2,cid,14
linear,combination,14
odd,number,14
linear,code,14
canonical,parity,14
partial,order,14
constructible,number,14
invertible,matrix,13
nontrivial,subgroup,13
cyclic,subgroup,13
cyclic,code,13
linear,transformation,12
natural,number,12
multiplicative,inverse,12
equilateral,triangle,12
right,coset,12
normal,series,12
upper,bound,12
small,integer,11
nonabelian,group,11
even,number,11
orthogonal,group,11
principal,ideal,11
prime,ideal,11
cubic,equation,11
euclidean,domain,11
separable,extension,11
abstract,algebra,10
algebraic,structure,10
finite,number,10
large,number,10
common,multiple,10
mod,cid,10
additive,group,10
polynomial,ring,10
real,root,10
euclidean,valuation,10
nonconstant,polynomial,10
other,hand,9
small,element,9
many,way,9
x3,cid,9
monic,polynomial,9
same,partition,8
special,group,8
single,subgroup,8
large,integer,8
key,cryptosystem,8
original,message,8
inner,automorphism,8
x2,cid,8
unique,domain,8
principal,domain,8
ideal,domain,8
simple,extension,8
cartesian,product,7
positive,number,7
great,deal,7
general,group,7
infinite,order,7
polynomial,equation,7
other,element,7
finite,subgroup,7
finite,order,7
possible,order,7
first,bit,7
standard,generator,7
scalar,multiplication,7
gaussian,integer,7
distinct,root,7
small,field,7
free,documentation,7
unique,element,6
other,word,6
small,number,6
least,element,6
infinite,number,6
composite,number,6
single,operation,6
trivial,subgroup,6
determinant,one,6
odd,permutation,6
special,case,6
distinct,prime,6
public,cryptosystem,6
twentieth,century,6
maximum,likelihood,6
isomorphic,group,6
orthogonal,matrix,6
independent,vector,6
principal,series,6
distributive,law,6
constant,polynomial,6
large,element,6
finite,algebra,6
primitive,element,6
first,part,5
similar,argument,5
low,term,5
first,course,5
7th,ed,5
such,number,5
small,group,5
large,group,5
different,group,5
symmetric,group,5
even,permutation,5
same,length,5
first,case,5
binary,tuple,5
multiple,error,5
same,time,5
binary,matrix,5
previous,question,5
many,group,5
regular,representation,5
external,product,5
linear,algebra,5
euclidean,product,5
different,color,5
small,degree,5
general,equation,5
irreducible,element,5
primitive,polynomial,5
boolean,expression,5
finite,space,5
dimensional,space,5
algebraic,number,5
distinct,factor,5
rational,function,5
radical,extension,5
transparent,copy,5
original,version,5
later,version,4
open,source,4
mathematical,structure,4
empty,set,4
special,type,4
linear,map,4
bijective,map,4
nonempty,set,4
nonempty,subset,4
certain,axiom,4
many,area,4
horizontal,axis,4
first,vertex,4
infinite,group,4
integer,entry,4
4th,ed,4
small,subgroup,4
such,integer,4
finite,set,4
same,number,4
regular,polygon,4
second,vertex,4
finite,product,4
secret,message,4
encoded,message,4
decoding,function,4
large,prime,4
several,time,4
third,bit,4
binary,channel,4
symmetric,channel,4
possible,syndrome,4
new,group,4
next,theorem,4
complex,conjugation,4
first,task,4
arbitrary,element,4
possible,way,4
canonical,homomorphism,4
euclidean,group,4
maximal,order,4
possible,group,4
boolean,function,4
possible,function,4
different,way,4
continuous,function,4
1xn,cid,4
polynomial,cid,4
constant,term,4
nontrivial,ideal,4
minimal,degree,4
quartic,equation,4
distinct,zero,4
quadratic,equation,4
possible,solution,4
infinite,field,4
prime,subfield,4
independent,set,4
such,isomorphism,4
new,point,4
separable,polynomial,4
homogeneous,system,4
fixed,field,4
free,software,4
opaque,copy,4
several,decade,3
many,student,3
set,theory,3
high,school,3
different,type,3
first,time,3
proper,subset,3
odd,integer,3
small,member,3
last,equation,3
unique,factorization,3
important,result,3
important,role,3
perfect,square,3
unique,solution,3
commutative,group,3
differential,equation,3
entire,group,3
other,subgroup,3
right,hand,3
same,group,3
positive,power,3
real,part,3
rectangular,representation,3
polar,representation,3
many,subgroup,3
8th,root,3
large,power,3
useful,tool,3
5th,root,3
own,inverse,3
other,case,3
new,product,3
other,product,3
regular,gon,3
sided,polygon,3
possible,structure,3
distinct,coset,3
prime,order,3
same,key,3
frequency,analysis,3
monoalphabetic,cryptosystem,3
such,cryptosystem,3
sixteenth,century,3
such,mathematician,3
total,number,3
square,root,3
received,tuple,3
basic,property,3
particular,code,3
algebraic,geometry,3
minimum,weight,3
last,bit,3
standard,matrix,3
same,coset,3
left,representation,3
homo,morphism,3
such,subgroup,3
sporadic,group,3
unique,isomorphism,3
surjective,homomorphism,3
only,group,3
same,area,3
second,case,3
first,person,3
crystallographic,group,3
small,order,3
abelian,factor,3
first,axiom,3
possible,coloring,3
single,output,3
distinct,conjugate,3
many,result,3
only,possibility,3
usual,operation,3
finite,domain,3
sided,ideal,3
proper,ideal,3
polynomial,multiplication,3
similar,manner,3
unique,polynomial,3
such,factor,3
low,degree,3
arbitrary,polynomial,3
short,essay,3
long,paragraph,3
rational,expression,3
nineteenth,century,3
electrical,circuit,3
wide,variety,3
linear,equation,3
nontrivial,solution,3
dual,space,3
dual,basis,3
large,field,3
algebraic,closure,3
arbitrary,angle,3
common,factor,3
polynomial,code,3
minimal,generator,3
last,column,3
x15,cid,3
proper,extension,3
other,document,3
verbatim,copying,3
other,respect,3
previous,version,3
theoretical,aspect,2
discrete,mathematic,2
central,role,2
abstract,course,2
comprehensive,introduction,2
certain,amount,2
mathematical,proof,2
abstract,mathematic,2
first,example,2
more,detail,2
good,idea,2
main,objective,2
first,appearance,2
new,set,2
most,case,2
inverse,map,2
symmetric,property,2
transitive,property,2
x2,y2,2
corresponding,class,2
5th,ed,2
fundamental,property,2
binomial,theorem,2
binomial,coeﬀicient,2
second,principle,2
unique,integer,2
other,divisor,2
unique,divisor,2
less,method,2
original,purpose,2
n2,cid,2
nonnegative,number,2
prime,show,2
prime,factor,2
euclidean,algorithm,2
usual,law,2
equilateral,4abc,2
first,cid,2
natural,question,2
other,group,2
axiomatic,definition,2
theoretic,method,2
algebraic,equation,2
second,condition,2
algebraic,theory,2
multiplicative,identity,2
only,subgroup,2
first,digit,2
single,digit,2
valid,code,2
last,group,2
single,element,2
nonzero,number,2
complex,conjugate,2
absolute,value,2
several,way,2
polar,coordinate,2
interesting,subgroup,2
direct,result,2
distinct,power,2
binary,representation,2
6th,root,2
many,generator,2
geometric,symmetry,2
last,transposition,2
first,equation,2
last,occurrence,2
important,subgroup,2
complex,analysis,2
such,group,2
possible,motion,2
first,question,2
opposite,edge,2
great,mathematician,2
responsible,people,2
new,problem,2
own,word,2
possible,subgroup,2
infinite,index,2
double,coset,2
many,family,2
different,family,2
separate,key,2
encrypted,message,2
english,language,2
simple,code,2
notable,mathematician,2
last,decade,2
basic,research,2
public,key,2
potential,problem,2
decoded,message,2
extra,bit,2
single,bit,2
even,system,2
original,codeword,2
different,bit,2
fast,method,2
binary,digit,2
same,codeword,2
good,code,2
past,decade,2
additional,structure,2
min,weight,2
easy,way,2
fourth,bit,2
first,coordinate,2
only,way,2
possible,column,2
distinct,column,2
close,codeword,2
least,weight,2
many,error,2
decimal,value,2
dual,code,2
possible,number,2
mathematical,research,2
second,coordinate,2
same,manner,2
first,problem,2
isomorphic,product,2
non,group,2
noncyclic,group,2
inner,automorphisms,2
odd,prime,2
integer,addition,2
first,group,2
infinite,family,2
cyclic,show,2
basic,idea,2
homomorphic,image,2
injective,homomorphism,2
natural,homomorphism,2
same,order,2
orthonormal,set,2
determinant,cid,2
small,rotation,2
several,basis,2
same,lattice,2
infinite,subgroup,2
hexagonal,group,2
rectangular,reflection,2
rectangular,glide,2
hexagonal,reflection,2
complete,proof,2
nonsingular,matrix,2
prime,divisor,2
finite,sequence,2
fundamental,role,2
arbitrary,set,2
left,multiplication,2
distinct,orbit,2
nontrivial,orbit,2
nontrivial,center,2
different,coloring,2
equivalent,coloring,2
interesting,application,2
same,value,2
possible,value,2
electronic,circuit,2
large,circuit,2
different,function,2
equivalent,function,2
full,group,2
odd,order,2
different,compound,2
many,class,2
distinct,element,2
particular,order,2
last,example,2
many,time,2
distinct,group,2
distributive,property,2
familiar,system,2
noncommutative,ring,2
next,proposition,2
ri,cid,2
only,ideal,2
such,ideal,2
associative,law,2
next,year,2
other,mathematician,2
parallel,computer,2
particular,set,2
parallel,computation,2
same,way,2
additive,identity,2
long,division,2
other,polynomial,2
most,zero,2
symmetric,argument,2
same,degree,2
quadratic,polynomial,2
easy,method,2
geometric,construction,2
italian,mathematician,2
cubic,ax3,2
depressed,cubic,2
distinct,solution,2
cube,root,2
important,ring,2
additive,inverse,2
associative,property,2
isomorphic,subfield,2
prime,element,2
such,factorization,2
only,unit,2
distinct,factorization,2
fractional,part,2
prime,dividing,2
direct,consequence,2
polynomial,nonzero,2
ub,cid,2
less,structure,2
first,proof,2
prime,field,2
unique,subfield,2
descending,condition,2
multiplicative,subset,2
unique,ideal,2
associative,idempotent,2
commutative,law,2
distributive,lattice,2
great,element,2
same,letter,2
fundamental,type,2
complicated,circuit,2
parallel,circuit,2
boolean,polynomial,2
single,number,2
scalar,product,2
polynomial,addition,2
more,unknown,2
direct,sum,2
base,field,2
irreducible,factor,2
nontrivial,fact,2
last,theorem,2
doctoral,thesis,2
complex,root,2
direct,computation,2
classic,problem,2
original,cube,2
triple,angle,2
such,show,2
unique,field,2
pn,element,2
immediate,goal,2
identical,column,2
ωr,cid,2
fifth,degree,2
simple,root,2
intermediate,field,2
original,solution,2
odd,degree,2
different,field,2
cubic,polynomial,2
derivative,work,2
other,work,2
front,matter,2
overall,subject,2
readable,copy,2
suitable,format,2
transparent,format,2
front,cover,2
original,publisher,2
principal,author,2
single,copy,2
various,document,2
particular,holder,2
reasonable,mean,2
new,version,2
future,version,2
copyrightable,work,2
true,hint,2
next,page,2
key,definition,2
helpful,comment,1
same,source,1
last,application,1
good,notion,1
few,application,1
major,problem,1
first,encounter,1
rigorous,proof,1
such,student,1
more,material,1
single,semester,1
adequate,material,1
useful,text,1
standard,group,1
typical,course,1
theoretical,result,1
broken,line,1
partial,dependency,1
specific,prerequisite,1
other,course,1
high,level,1
mathematical,sophistication,1
elementary,knowledge,1
great,problem,1
most,student,1
junior,level,1
several,category,1
tional,problem,1
conceptual,problem,1
substantial,lem,1
careful,thought,1
few,minute,1
additional,exercise,1
new,result,1
free,source,1
advanced,mathematic,1
own,computer,1
local,server,1
relevant,exercise,1
live,cell,1
recent,version,1
available,version,1
mathematical,maturity,1
basic,knowledge,1
other,science,1
new,principle,1
physical,experimentation,1
logical,argument,1
axiomatic,approach,1
other,information,1
logical,argu,1
many,axiom,1
few,example,1
convincing,argument,1
enough,detail,1
much,detail,1
good,rule,1
other,student,1
other,reader,1
complex,statement,1
certain,statement,1
other,statement,1
following,statement,1
entire,statement,1
true,statement,1
major,importance,1
several,proposition,1
main,result,1
little,effort,1
other,proposition,1
several,strategy,1
different,strategy,1
different,method,1
proof,student,1
common,mistake,1
available,strategy,1
other,technique,1
standard,way,1
important,word,1
different,meaning,1
unique,show,1
first,show,1
unique,assume,1
such,object,1
direct,proof,1
high,mathematic,1
new,application,1
possible,mathematic,1
new,theorem,1
true,example,1
important,set,1
complex,numberg,1
various,relation,1
old,set,1
certain,operation,1
reverse,inclusion,1
other,relation,1
true,observe,1
set,r3,1
specific,element,1
positive,denominator,1
new,function,1
first,function,1
second,function,1
new,map,1
general,order,1
alternative,way,1
inverse,mapping,1
inverse,function,1
invertible,ifithasaninverse,1
natural,logarithm,1
exponential,function,1
bijective,mapping,1
fundamental,notion,1
reflexive,property,1
associated,notation,1
differentiable,function,1
such,function,1
transitive,matrix,1
natural,relation,1
underlying,relation,1
reflexive,show,1
same,disjoint,1
last,set,1
same,class,1
same,fraction,1
constant,example,1
same,circle,1
important,example,1
various,structure,1
powerful,system,1
matical,computation,1
electronic,version,1
brief,suggestion,1
big,deal,1
general,technique,1
invertible,mapping,1
counterexample,property,1
thereflexive,property,1
projective,line,1
good,reference,1
standard,graduate,1
standard,text,1
abstract,3rd,1
historical,development,1
true,formula,1
generic,method,1
impossible,task,1
infinite,set,1
specific,proof,1
generic,argument,1
next,case,1
equivalent,statement,1
principle,principle,1
explicit,definition,1
inductive,definition,1
good,scientist,1
mathematician,scientist,1
well,understanding,1
complex,issue,1
perfect,example,1
other,number,1
thenbq,bq,1
unique,proof,1
musthaveasmall,member,1
other,thing,1
above,sequence,1
se,quence,1
previous,equation,1
only,number,1
additional,number,1
only,factor,1
positive,factor,1
key,cryptography,1
golden,ratio,1
perfect,prove,1
square,prove,1
prime,pairwise,1
b2,a2,1
such,divide,1
other,integer,1
certain,integer,1
thpis,manner,1
many,statement,1
reasonable,axiom,1
such,structure,1
familiar,structure,1
invertible,cid,1
respective,operation,1
central,position,1
such,area,1
different,class,1
particular,notice,1
arithmetic,hold,1
additive,cid,1
geometric,figure,1
same,orientation,1
original,rectangle,1
same,relationship,1
vertical,axis,1
different,possibility,1
different,arrangement,1
particular,permutation,1
same,symmetry,1
opposite,order,1
original,orientation,1
inverse,element,1
additional,property,1
natural,operation,1
modular,multiplication,1
set,nf0,1
such,element,1
deta,cid,1
invertible,multiplication,1
k2,cid,1
previous,inverse,1
equa,tion,1
such,ax,1
exponential,notation,1
ordinary,algebra,1
exponential,operation,1
last,statement,1
first,definition,1
clear,definition,1
polynomial,tool,1
primary,tool,1
metric,space,1
partial,equation,1
first,treatment,1
modern,treatment,1
own,observe,1
right,observe,1
associative,multiplication,1
general,lineargroup,1
third,condition,1
same,operation,1
first,half,1
just,theory,1
tinuous,development,1
single,method,1
previous,experience,1
mathematical,experience,1
many,element,1
binary,cid,1
specific,example,1
different,show,1
associative,operation,1
short,description,1
most,uct,1
retail,grocery,1
valid,number,1
most,error,1
general,rule,1
inner,notation,1
isbn,code,1
tenth,digit,1
many,code,1
different,code,1
next,group,1
specific,book,1
ican,ed,1
fundamental,part,1
particular,element,1
positive,multiple,1
single,generator,1
other,generator,1
interesting,question,1
main,tool,1
imaginary,part,1
corresponding,part,1
ordered,pair,1
real,coordinate,1
imaginary,coordinate,1
positive,axis,1
counterclockwise,direction,1
rectangular,representationpof,1
copmplex,number,1
2kπ,cis,1
theorem,cid,1
certain,point,1
decimal,representation,1
first,thing,1
previous,dividing,1
encode,message,1
reasonable,manner,1
effective,use,1
decimal,number,1
large,value,1
excellent,account,1
abundant,example,1
inverse,composition,1
right,function,1
usual,way,1
commutative,cid,1
first,integer,1
finite,disjoint,1
resent,permutation,1
simple,permutation,1
such,cycle,1
unique,way,1
other,way,1
adjacent,transposition,1
identical,transposition,1
first,transposition,1
latter,case,1
basic,theorem,1
such,topic,1
diverse,topic,1
responsible,mathematician,1
rigorous,theorem,1
more,theorem,1
other,rotation,1
single,vertex,1
distinct,figure,1
abstract,group,1
geometric,object,1
other,object,1
interesting,example,1
particular,side,1
possible,rotation,1
upward,side,1
such,axis,1
concrete,representation,1
natural,place,1
large,order,1
other,permutation,1
odd,length,1
such,σασ,1
corresponding,result,1
powerful,tool,1
set,fgh,1
left,example,1
additive,notation,1
opposite,side,1
left,cancellation,1
jhj,element,1
such,στσ,1
prime,cid,1
french,descent,1
early,age,1
great,king,1
grouptheory,physicsandmechanic,1
metric,system,1
next,generation,1
unordered,list,1
same,structure,1
recipient,cryptography,1
modern,cryptography,1
familiar,character,1
alphabetic,character,1
reverse,transformation,1
particular,encryption,1
specified,family,1
cryptographic,family,1
classical,cryptosystem,1
single,key,1
single,cryptosystem,1
available,example,1
first,cryptosystem,1
private,cryptosystem,1
mod,mod,1
inverse,transformation,1
large,alphabet,1
different,shift,1
received,message,1
great,aid,1
single,letter,1
good,reason,1
encrypting,function,1
corresponding,function,1
correct,code,1
ciphered,message,1
simple,shift,1
possible,key,1
sophisticated,cryptosystem,1
poly,cryptosystem,1
alphabetic,cryptosystem,1
polyalphabetic,cryptosystem,1
good,understanding,1
third,party,1
large,matrix,1
traditional,cryptosystem,1
public,cryptography,1
additional,information,1
prohibitive,computation,1
only,knowledge,1
random,prime,1
fast,algorithm,1
available,algorithm,1
early,1990,1
random,integer,1
public,line,1
first,possibility,1
public,knowledge,1
public,information,1
own,key,1
formal,study,1
fifteenth,mathematician,1
real,security,1
single,time,1
firm,foundation,1
mathematical,foundation,1
such,people,1
early,part,1
special,machine,1
tremendous,advantage,1
commercial,cryptography,1
electronic,mail,1
early,1970,1
open,question,1
ethical,ground,1
other,mail,1
academic,community,1
mathematical,cryptography,1
computational,number,1
early,development,1
powerful,routine,1
significant,support,1
other,area,1
natural,tool,1
elliptic,curve,1
mathematical,basis,1
rsa,key,1
private,key,1
monoalphabetic,code,1
possible,cryptosystem,1
potential,prime,1
second,program,1
many,pseudoprime,1
first,number,1
sophisticated,test,1
new,kind,1
digital,technology,1
simple,model,1
uncoded,message,1
meaningful,message,1
special,tuple,1
unique,message,1
free,message,1
possible,scheme,1
fifth,digit,1
triple,method,1
small,bit,1
much,ent,1
simple,scheme,1
onlyseven,bit,1
full,bit,1
other,bit,1
sixth,bit,1
common,code,1
common,word,1
new,word,1
odd,parity,1
second,bit,1
possible,word,1
tuple,differ,1
complete,solution,1
incorrect,message,1
explicit,assumption,1
particular,application,1
capable,transmitter,1
binary,signal,1
incorrect,reception,1
perfect,transmission,1
different,coordinate,1
independent,event,1
possible,pattern,1
sophisticated,tool,1
mathematical,tool,1
minimum,number,1
other,distance,1
distinct,codeword,1
even,bit,1
single,min,1
few,2n,1
other,codeword,1
algebraic,code,1
simple,error,1
recent,probe,1
active,research,1
ppa,code,1
more,knowledge,1
eﬀicient,technique,1
tedious,task,1
long,process,1
particular,coordinate,1
minimum,nonzero,1
arbitrary,tuple,1
only,thing,1
simple,matter,1
systematic,way,1
eﬀicient,method,1
certain,position,1
same,row,1
even,check,1
corresponding,cid,1
ijth,entry,1
corresponding,matrix,1
next,state,1
theorem,state,1
more,column,1
null,thatisasingleerror,1
informa,position,1
correct,error,1
proper,decoding,1
serious,impediment,1
large,example,1
first,column,1
quick,detection,1
transmitted,codeword,1
standard,decoding,1
possible,weight,1
manageable,scheme,1
huge,number,1
substantial,repertoire,1
binary,code,1
probable,guess,1
individual,bit,1
linear,capability,1
good,situation,1
bitbinary,message,1
canonical,checkmatrice,1
ical,parity,1
extended,character,1
even,code,1
many,position,1
binary,number,1
maximum,number,1
able,message,1
decode,message,1
first,glance,1
simple,renaming,1
exponential,map,1
injective,assume,1
different,order,1
only,isomorphism,1
possible,isomorphism,1
main,goal,1
represen,tation,1
several,paper,1
early,twenty,1
legal,profession,1
good,work,1
legal,knowledge,1
particular,operation,1
ande,aretheidentitie,1
other,cid,1
second,equation,1
trivial,group,1
familiar,group,1
divisible,order,1
divisible,group,1
nonisomorphic,group,1
non,integer,1
negative,integer,1
critical,role,1
new,class,1
left,right,1
such,gng,1
original,group,1
first,coset,1
normal,coset,1
special,interest,1
whole,class,1
other,example,1
specific,form,1
several,structure,1
previous,case,1
only,case,1
possible,case,1
foremost,problem,1
few,decade,1
simple,mathematician,1
later,mathematician,1
several,family,1
simple,family,1
other,family,1
lv,ability,1
remarkable,effort,1
nonsingular,triangular,1
upper,triangular,1
natural,generalization,1
strong,way,1
weak,relationship,1
odd,table,1
real,line,1
theoretic,fashion,1
possible,kernel,1
only,homomorphism,1
possible,homomorphism,1
orphic,image,1
commutative,diagram,1
1n,ab,1
great,potential,1
many,relationship,1
fundamental,relationship,1
precise,basis,1
vague,statement,1
surjective,group,1
set,form,1
same,thing,1
inaugural,address,1
different,geometry,1
such,discipline,1
classical,group,1
basic,fact,1
fundamental,idea,1
other,fact,1
elementary,linear,1
straightforward,process,1
several,subgroup,1
multiplicative,property,1
determinant,imply,1
square,notice,1
geometric,way,1
distinct,vector,1
other,matrix,1
related,group,1
euclidean,motion,1
andsl,thatis,1
possible,isometry,1
only,isometry,1
arbitrary,isometry,1
last,computation,1
small,sayθ,1
such,sayθ,1
positive,direction,1
mathematical,equivalent,1
scalar,multiple,1
other,lattice,1
same,sayfx,1
minimum,length,1
same,question,1
translational,symmetry,1
geometric,argument,1
single,cell,1
possible,shape,1
p4,square,1
rectangular,rhombic,1
threefold,center,1
fourfold,center,1
long,time,1
famous,address,1
parallelo,gram,1
elementary,course,1
ultimate,goal,1
particular,group,1
certain,type,1
certain,class,1
isomorphic,cid,1
slight,generalization,1
following,possibility,1
several,lemma,1
such,prime,1
general,theorem,1
proper,inclusion,1
good,way,1
new,series,1
new,term,1
infinite,product,1
finite,cid,1
nontrivial,abelian,1
normal,group,1
nontrivial,group,1
isomorphic,refinement,1
many,problem,1
left,action,1
trivial,action,1
second,axiom,1
nontrivial,class,1
conjugate,class,1
such,partition,1
large,computer,1
first,black,1
second,black,1
second,coloring,1
square,figure,1
distinguish,way,1
able,way,1
geometric,application,1
fixed,point,1
usual,manner,1
black,color,1
such,σe,1
possible,map,1
other,corner,1
same,size,1
such,choice,1
binary,input,1
small,module,1
inherent,problem,1
simple,circuit,1
different,kind,1
possible,input,1
possible,output,1
specific,output,1
possible,variable,1
many,command,1
last,year,1
mathematics,geometry,1
differential,geometry,1
famous,contribution,1
such,conjecture,1
such,feg,1
first,book,1
modern,context,1
second,edition,1
informal,description,1
many,function,1
simple,expression,1
single,integer,1
first,section,1
real,plane,1
other,plane,1
sided,die,1
straight,wire,1
equal,length,1
regular,tetrahedron,1
regular,hexagon,1
red,way,1
hexagonal,shape,1
many,compound,1
striped,necktie,1
possible,color,1
many,necktie,1
possible,necktie,1
different,necktie,1
colored,necktie,1
only,element,1
same,action,1
partial,converse,1
certain,case,1
specific,order,1
powerful,set,1
distinct,class,1
more,information,1
bycauchy,hasanelement,1
inverse,image,1
maximal,subgroup,1
large,subgroup,1
only,conjugate,1
other,class,1
sons,byconjugation,1
temporary,appointment,1
permanent,chair,1
new,edition,1
distinct,subgroup,1
useful,result,1
certain,hypothesis,1
single,subgrouph,1
normal,subgrouph,1
low,sy,1
enough,room,1
more,diﬀicult,1
different,element,1
impossible,notice,1
famous,conjecture,1
long,paper,1
outstanding,achievement,1
modern,mathematic,1
different,description,1
conjugate,show,1
true,show,1
several,problem,1
intermediate,problem,1
challenging,project,1
actual,group,1
natural,structure,1
such,operation,1
related,operation,1
last,condition,1
distributive,axiom,1
second,operation,1
fifth,condition,1
such,1a,1
commutative,division,1
only,integer,1
ordinary,operation,1
previous,example,1
straightforward,computation,1
analogous,class,1
original,ring,1
easy,criterion,1
upper,matrix,1
alternative,characterization,1
surprising,theorem,1
left,inverse,1
right,inverse,1
nonnegative,integer,1
n1,integer,1
n1,0r,1
n1,ab,1
special,role,1
nice,characteristic,1
arbitrary,subgroup,1
special,class,1
trivial,ideal,1
positive,element,1
additive,subgroup,1
left,ideal,1
right,ideal,1
other,theorem,1
particular,section,1
certain,ideal,1
necessary,condition,1
such,ab,1
maximal,cid,1
isanidealinrandr,isanintegraldomain,1
nonzero,ideal,1
outstanding,mathematician,1
distinguished,mathematician,1
early,education,1
great,resistance,1
small,sum,1
axiomatic,method,1
abstract,theory,1
inspiring,teacher,1
first,text,1
modern,point,1
high,point,1
full,professor,1
prussian,bureaucracy,1
academic,bureaucracy,1
academic,activity,1
such,scientist,1
notable,scientist,1
elementary,number,1
simultaneous,congruence,1
first,century,1
interesting,consequence,1
parallel,processor,1
less,equation,1
first,congruence,1
other,solution,1
next,equation,1
last,system,1
several,calculation,1
formidable,calculation,1
integer,calculation,1
certain,size,1
large,processor,1
sophisticated,scheme,1
special,software,1
large,addition,1
several,program,1
most,computer,1
single,cpu,1
central,unit,1
different,addition,1
different,cpu,1
several,addition,1
different,processor,1
above,calculation,1
considerable,time,1
many,computation,1
necessary,calculation,1
wide,range,1
possibil,itie,1
fundamental,difference,1
separate,addition,1
small,calculation,1
nilpotent,element,1
boolean,ring,1
interesting,structure,1
commutative,subring,1
arbitrary,ring,1
only,tent,1
idempo,tent,1
fast,addition,1
good,source,1
most,people,1
polynomial,expression,1
corresponding,coeﬀicient,1
polynomial,tion,1
addi,tion,1
polynomial,dition,1
ixi,jc,1
similar,theorem,1
several,consequence,1
important,consequence,1
1xm,cid,1
isaconstant,polynomial,1
polynomial,x2,1
moni,polynomial,1
correct,polynomial,1
quadratic,factor,1
small,value,1
certain,degree,1
real,value,1
ideal,hx2i,1
poly,nomial,1
constant,nonzero,1
isanideal,cid,1
ideal,polynomial,1
single,polynomial,1
entire,ideal,1
less,degree,1
constant,multiple,1
computational,approach,1
challenging,problem,1
algebraic,solution,1
mathematical,community,1
depressed,cx,1
absolute,secret,1
italian,secrecy,1
customary,appointment,1
academic,appointment,1
public,contest,1
such,challenge,1
major,discovery,1
new,discovery,1
valuable,weapon,1
french,soldier,1
various,problem,1
mathematical,problem,1
much,effort,1
general,ax3,1
bitter,dispute,1
many,root,1
single,theorem,1
such,degp,1
different,factorization,1
isomorphic,ring,1
many,polynomial,1
real,solution,1
single,root,1
imaginary,solution,1
conjugate,root,1
imaginary,root,1
right,side,1
4rz,4pr,1
first,ring,1
general,question,1
ideal,structure,1
many,domain,1
natural,way,1
formal,quotient,1
different,pair,1
formal,way,1
possible,pair,1
second,problem,1
next,lemma,1
additive,observe,1
characteristic,zero,1
phic,isomor,1
arbitrary,domain,1
other,ring,1
irpreducible,element,1
ipnteger,solutipon,1
irreducible,showps,1
similar,showps,1
multiple,unit,1
maximal,hpi,1
ideal,hpi,1
integer,sn,1
such,ring,1
noetherian,ring,1
same,argument,1
b2,maynotbeaninteger,1
last,step,1
close,integer,1
such,satisfie,1
general,statement,1
general,version,1
such,cf,1
positive,degree,1
several,corollary,1
obvious,corollary,1
plain,ring,1
first,construction,1
new,construction,1
real,coeﬀicient,1
complex,nupmber,1
famous,book,1
first,telegraph,1
practical,telegraph,1
electric,telegraph,1
well,version,1
prominent,mathematician,1
early,century,1
intense,scrutiny,1
cold,personality,1
many,enemy,1
ing,student,1
many,obstacle,1
fundamental,ring,1
various,type,1
basic,mathematic,1
previous,chapter,1
previous,result,1
set,expression,1
proper,subfield,1
finitelygenerated,ifthereexistelement,1
artinian,ring,1
local,ring,1
other,type,1
important,operation,1
algebraic,space,1
logic,circuit,1
partial,cid,1
usual,meaning,1
such,bound,1
low,bound,1
many,poset,1
other,set,1
certain,condition,1
first,statement,1
other,bound,1
previous,theorem,1
commutative,idempotent,1
important,algebra,1
binary,relation,1
idempotent,law,1
other,idempotent,1
many,identity,1
other,identity,1
few,lemma,1
modern,computer,1
possible,state,1
current,state,1
other,switch,1
same,state,1
parallel,current,1
parallel,combination,1
equivalent,circuit,1
same,result,1
different,axiom,1
complex,circuit,1
single,switch,1
same,function,1
full,suite,1
abstract,operation,1
formal,logic,1
symbolic,logic,1
mortal,blow,1
undecidable,problem,1
rich,system,1
axiomatic,system,1
mathematical,system,1
pure,mathematic,1
large,scale,1
social,hierarchy,1
common,topic,1
algebraic,topic,1
major,innovationof,1
few,switch,1
new,circuit,1
commuta,idempotent,1
tive,idempotent,1
set,theoreticinclusion,1
theoretic,inclusion,1
appropriate,diagram,1
total,order,1
usual,cid,1
finite,combination,1
physical,system,1
several,number,1
solid,object,1
certain,property,1
algebraic,property,1
simple,list,1
worth,structure,1
several,example,1
familiar,other,1
real,function,1
closed,interval,1
odd,power,1
odd,term,1
possible,combination,1
linear,dependence,1
more,sense,1
dependent,vector,1
homogeneous,equation,1
arbitrary,vector,1
only,basis,1
unique,basis,1
algebraic,setting,1
new,setting,1
set,thatpwill,1
linear,independence,1
arbitrary,subspace,1
linear,functional,1
8th,ed,1
such,field,1
other,calculation,1
following,table,1
isalgebraic,iff,1
polynomial,element,1
many,case,1
particular,number,1
transcendental,extension,1
interesting,situation,1
polynomial,exist,1
linear,nation,1
positive,root,1
algebraic,element,1
isafinitedimensional,space,1
non,polynomial,1
unique,closure,1
unique,algebraic,1
sophisticated,theory,1
linear,polynomial,1
small,extension,1
original,isomorphism,1
ancient,problem,1
high,geometry,1
equal,subangle,1
arbitrary,circle,1
geometric,problem,1
more,depth,1
arbitrary,length,1
impossible,mean,1
similar,construction,1
same,triangle,1
rational,coordinatespandq,1
other,point,1
rational,coordinate,1
proper,form,1
second,part,1
appropriate,form,1
additional,point,1
possible,point,1
third,case,1
same,intersection,1
classical,problem,1
particular,construction,1
new,cube,1
irreducible,cid,1
central,object,1
extensive,support,1
entire,field,1
exact,representation,1
many,integer,1
positive,solution,1
latin,translation,1
marvelous,proof,1
front,page,1
important,contribution,1
significant,advance,1
important,center,1
last,turie,1
exceptional,mathematician,1
stu,dent,1
recent,contribution,1
certain,polynomial,1
integral,solution,1
critical,result,1
polynomial,show,1
linear,show,1
interesting,account,1
many,application,1
first,mathematician,1
possible,linear,1
binomial,formula,1
first,term,1
2ax,a2,1
easy,test,1
pn,field,1
other,field,1
general,result,1
α3,α14,1
sophisticated,code,1
first,code,1
second,code,1
small,weight,1
easy,exercise,1
cyclic,shift,1
beautiful,classification,1
natural,ring,1
isaprincipalideal,isafield,1
irreducible,component,1
finite,fields,1
most,degree,1
particular,generator,1
consecutive,power,1
few,coeﬀicient,1
important,code,1
european,system,1
eﬀicient,correction,1
polynomial,generator,1
large,capability,1
corresponding,tuple,1
1tn,isinc,1
small,polynomial,1
such,polynomial,1
15th,root,1
other,chapter,1
excellent,support,1
non,element,1
unique,gf,1
momentary,burst,1
several,bit,1
consecutive,bit,1
such,burst,1
attractive,correction,1
excellent,presentation,1
general,solution,1
general,degree,1
quintic,polynomial,1
quadratic,formula,1
full,explanation,1
strong,interdependence,1
α2,cid,1
same,polynomial,1
last,proposition,1
distinct,automorphism,1
polynomial,factor,1
n1,cid,1
sible,impo,1
obvious,question,1
certain,extension,1
general,case,1
single,factor,1
clever,proof,1
multiple,nonzero,1
same,system,1
original,system,1
few,entry,1
minimal,polynomialofα,1
sinceitisanormal,extension,1
exact,correspondence,1
familiar,example,1
more,work,1
quintic,equation,1
good,mathematician,1
such,solution,1
correct,proof,1
dinary,talent,1
mathematical,talent,1
poly,technique,1
great,diﬀiculty,1
formal,entrance,1
mathematical,genius,1
third,paper,1
democratic,sympathy,1
certain,affair,1
long,letter,1
next,day,1
multiple,root,1
allowable,operation,1
following,definition,1
easy,polynomial,1
splitting,field,1
previous,argument,1
main,theorem,1
only,root,1
maximum,minimum,1
complex,factor,1
cal,culus,1
algebraic,argument,1
several,proof,1
elegant,proof,1
important,theorem,1
complicated,example,1
many,detail,1
relevant,theorem,1
good,answer,1
pro,statement,1
entire,course,1
conjugate,field,1
conjugate,subgroup,1
different,subgroup,1
2nd,course,1
verbatim,copy,1
manual,textbook,1
functional,document,1
free,textbook,1
same,sense,1
free,program,1
same,freedom,1
textual,work,1
subject,matter,1
wide,license,1
free,license,1
unlimited,license,1
such,manual,1
historical,connection,1
related,matter,1
legal,position,1
commercial,position,1
ethical,position,1
above,definition,1
certain,passage,1
short,passage,1
general,public,1
generic,editor,1
generic,program,1
available,editor,1
automatic,translation,1
subsequent,modification,1
substantial,amount,1
plain,ascii,1
markup,format,1
proprietary,format,1
proprietary,word,1
such,page,1
prominent,appearance,1
specific,name,1
other,implication,1
other,condition,1
technical,measure,1
further,copying,1
enough,number,1
same,condition,1
back,cover,1
full,title,1
prominent,title,1
other,material,1
first,one,1
actual,cover,1
adjacent,page,1
general,network,1
complete,copy,1
free,copy,1
latter,option,1
prudent,step,1
last,time,1
same,title,1
responsible,person,1
appropriate,notice,1
adjacent,modification,1
other,copyright,1
public,permission,1
full,list,1
unaltered,copy,1
least,year,1
new,author,1
previous,sentence,1
public,access,1
new,section,1
other,title,1
various,party,1
authoritative,definition,1
same,cover,1
same,entity,1
explicit,permission,1
previous,publisher,1
old,one,1
other,ment,1
unmodified,theoriginaldocument,1
combined,work,1
same,name,1
different,content,1
such,section,1
unique,section,1
original,author,1
unique,number,1
same,adjustment,1
original,document,1
individual,copy,1
single,document,1
independent,works,1
separate,document,1
legal,right,1
entire,aggregate,1
electronic,equivalent,1
electronic,form,1
whole,translation,1
aggregate,translation,1
special,permission,1
english,version,1
actual,title,1
same,material,1
such,version,1
present,version,1
particular,version,1
numbered,version,1
public,statement,1
wide,server,1
promi,facility,1
public,wiki,1
principal,place,1
same,organization,1
invariant,section,1
same,site,1
other,combination,1
nontrivial,example,1
true,assume,1
xistrue,cid,1
such,bs,1
many,prime,1
jhgi,hhij,1
odd,weight,1
odd,codeword,1
even,codeword,1
infinite,cyclic,1
same,type,1
unimodular,matrix,1
solvable,series,1
allowable,tion,1
permuta,tion,1
nontrivial,idempotent,1
5x3,cid,1
only,solution,1
integer,solution,1
equivalent,hint,1
small,ideal,1
divisible,hint,1
1ωi,cid,1
factorial,cid,1
inner,group,1
parallel,series,1
polynomial,atom,1
composite,integer,1
representative,prime,1
internal,base,1
cube,point,1
special,linear,1
maximal,circle,1
commutative,principal,1
trivial,dihedral,1
first,principle,1
invertible,length,1
international,length,1
standard,length,1
polynomial,space,1
orthogonal,parity,1
unimodular,ring,1
odd,structure,1
irreducible,coeﬀicient,1
minimal,extension,1
monic,root,1
primitive,solvability,1
separable,field,1
cyclic,element,1
ideal,index,1
normal,normalizer,1
proper,stabilizer,1
trivial,series,1
open,function,1
commutative,function,1
polynomial,basis,1
