Token,Frequency
cid,3869
group,1124
subgroup,608
element,522
field,469
order,411
number,384
chapter,378
set,304
integer,285
matrix,276
ring,256
polynomial,230
code,223
error,184
extension,174
example,172
permutation,170
product,167
ideal,162
vector,160
root,150
case,146
map,142
identity,136
function,130
proof,123
homomorphism,123
message,121
operation,119
equation,115
space,115
theorem,113
theory,112
show,112
domain,111
coset,106
bit,103
relation,103
cycle,103
mod,101
multiplication,99
isomorphism,96
hint,94
factor,94
lattice,91
degree,90
class,88
series,88
form,87
generator,87
addition,84
equivalence,83
exercise,82
solution,81
nonzero,80
algebra,79
inverse,70
tuple,67
automorphism,67
result,66
definition,66
symmetry,66
basis,64
splitting,63
statement,62
codeword,62
fact,61
point,61
length,61
way,59
figure,59
transposition,58
problem,55
section,55
system,55
structure,54
divisor,54
table,54
unit,54
check,53
parity,52
column,49
power,48
jgj,47
term,46
induction,46
composition,46
vertex,46
distance,46
word,44
property,44
license,43
subset,43
notice,43
condition,43
circuit,43
subfield,43
copy,42
time,42
division,41
cryptosystem,41
document,40
prime,40
method,39
program,39
unity,39
kernel,39
version,38
computer,38
law,38
mathematic,37
reflection,37
cube,36
factorization,36
bi,36
work,35
part,34
list,34
coeﬀicient,34
proposition,33
pair,33
motion,33
center,33
xn,33
text,32
course,32
ax,32
circle,32
introduction,31
type,31
ad,31
action,31
key,30
zero,30
information,29
mathematician,29
letter,29
probability,29
rotation,28
axiom,27
entry,27
fraction,27
ed,27
nth,27
3i,27
application,26
question,26
square,26
f1,26
value,26
partition,26
computation,26
multiple,26
digit,26
coordinate,26
dimension,26
atom,26
student,25
subspace,25
argument,25
input,25
prove,25
block,25
combination,25
triangle,25
feg,25
algebraic,25
title,25
lemma,24
mapping,24
image,24
translation,24
one,23
manner,23
fa,23
ar,23
scheme,23
weight,23
hypothesis,22
divide,22
syndrome,22
switching,22
gf,22
study,21
fx,21
intersection,21
disjoint,21
sum,21
detection,21
angle,21
orbit,21
subring,21
book,20
line,20
transformation,20
position,20
quotient,20
rsa,20
transmission,20
determinant,19
notation,19
side,19
representation,19
encoding,19
switch,19
radical,19
linear,18
conjecture,18
gl,18
character,18
paper,18
b1,18
variable,18
associate,18
poset,18
cryptography,17
isometry,17
characteristic,17
end,16
r3,16
2p,16
area,16
publisher,16
conjugate,16
chain,16
ufd,16
copyright,16
cover,16
hand,15
knowledge,15
idea,15
uniqueness,15
a2,15
right,15
expression,15
index,15
year,15
century,15
b0,15
wallpaper,15
conjugacy,15
straightedge,15
content,14
object,14
ab,14
relationship,14
construction,14
pm,14
pid,14
fields,14
tion,13
ability,13
collection,13
assume,13
task,13
tool,13
range,13
origin,13
geometry,13
bq,13
sl,13
pattern,13
conjugation,13
bound,13
instance,12
remainder,12
state,12
history,12
formula,12
axis,12
plane,12
quaternion,12
calculation,12
process,12
age,12
3z,12
page,12
jg,12
author,12
compass,12
bch,12
role,11
software,11
output,11
sage,11
format,11
research,11
αβ,11
2i,11
converse,11
encryption,11
correction,11
det,11
diagram,11
pα,11
αn,11
valuation,11
1αn,11
use,10
inclusion,10
define,10
sense,10
sequence,10
evaluation,10
rectangle,10
possibility,10
closure,10
representative,10
upc,10
edge,10
ascii,10
min,10
color,10
development,9
material,9
nature,9
detail,9
logic,9
4ac,9
union,9
observe,9
contradiction,9
algorithm,9
answer,9
gon,9
person,9
shift,9
goal,9
ith,9
commutator,9
kxk2,9
crystal,9
none,9
coloring,9
processor,9
degp,9
hpi,9
science,8
thing,8
member,8
suppose,8
r2,8
deal,8
reference,8
bs,8
1a,8
choice,8
sinθ,8
isbn,8
isinθ,8
bijection,8
family,8
name,8
dihedral,8
size,8
channel,8
capability,8
matter,8
volume,8
stabilizer,8
consequence,8
gag,8
normalizer,8
rational,8
chip,8
x2,8
αpn,8
holder,8
rest,7
project,7
notion,7
principle,7
rule,7
technique,7
diﬀicult,7
calculus,7
xg,7
rise,7
10k,7
akbn,7
i2,7
cancellation,7
centralizer,7
symbol,7
2π,7
fix,7
fσ,7
plaintext,7
pseudoprime,7
likelihood,7
coding,7
correspondence,7
woman,7
gng,7
scalar,7
parallelogram,7
p4,7
design,7
respect,7
xm,7
location,7
hx3,7
modification,7
documentation,7
permission,7
source,6
support,6
semester,6
decade,6
subject,6
topic,6
reader,6
corollary,6
difference,6
cg,6
equality,6
y2,6
step,6
purpose,6
derivative,6
calculate,6
compute,6
4abc,6
ij,6
aa,6
situation,6
pq,6
analysis,6
cosets,6
contribution,6
life,6
ciphertext,6
cipher,6
decrypting,6
machine,6
challenge,6
secret,6
communication,6
base,6
distribution,6
connection,6
leader,6
pe1,6
kerϕ,6
fidg,6
day,6
multiply,6
congruence,6
passage,6
αv,6
hx2,6
xpm,6
ωi0,6
ωi1,6
copying,6
network,6
importance,5
programming,5
ment,5
school,5
complement,5
investigation,5
reason,5
q2,5
determine,5
exist,5
2nd,5
understanding,5
existence,5
gcd,5
nq,5
direction,5
b2,5
criterion,5
half,5
abelian,5
description,5
ghg,5
language,5
classification,5
bd,5
cosϕ,5
1τ,5
polygon,5
diagonal,5
correspond,5
people,5
requirement,5
kind,5
noise,5
medium,5
generalization,5
university,5
morphism,5
gxg,5
homomorphisms,5
kerψ,5
jhj,5
4x,5
deta,5
glide,5
p2,5
hgi,5
corner,5
appointment,5
hai,5
idempotent,5
indeterminate,5
ascending,5
join,5
absorption,5
variety,5
radius,5
2r,5
elementwise,5
aggregate,5
violation,5
org,4
interest,4
career,4
diﬀiculty,4
test,4
com,4
physics,4
scientist,4
approach,4
professor,4
effort,4
meaning,4
satisfie,4
ex,4
transitivity,4
3rd,4
building,4
th,4
attempt,4
hold,4
act,4
aba,4
distinct,4
ω3,4
dividing,4
vol,4
concept,4
face,4
place,4
loss,4
decomposition,4
alphabet,4
decryption,4
aﬀine,4
string,4
verification,4
discovery,4
advantage,4
1970,4
change,4
leftmost,4
mean,4
assumption,4
minimum,4
row,4
delta,4
z3,4
tation,4
father,4
automorphisms,4
hax,4
semidirect,4
h4i,4
jxe,4
graph,4
edition,4
kp,4
interval,4
processing,4
cpu,4
27x,4
0x,4
bx2,4
paragraph,4
discriminant,4
substitution,4
degf,4
a_i,4
αu,4
span,4
α4,4
split,4
segment,4
multiplicity,4
solvability,4
ωp,4
manual,4
public,4
entity,4
site,4
back,3
textbook,3
web,3
reading,3
server,3
cell,3
appendix,3
amount,3
assertion,3
audience,3
mind,3
peer,3
conclusion,3
2a,3
sition,3
module,3
appearance,3
yg,3
denominator,3
nk,3
discussion,3
account,3
dq,3
lcm,3
chemistry,3
identification,3
arrangement,3
1ax,3
exponent,3
associativity,3
rhombus,3
item,3
ba,3
ordering,3
km,3
cis,3
world,3
find,3
torsion,3
convention,3
occurrence,3
surprise,3
rk,3
tetrahedron,3
be,3
context,3
andg,3
generality,3
variation,3
receiver,3
party,3
piece,3
need,3
trial,3
model,3
repetition,3
decoder,3
consist,3
b1c,3
0c,3
command,3
metric,3
let,3
component,3
mn,3
pek,3
ib,3
con,3
mz,3
chair,3
discipline,3
αx,3
1y,3
rs,3
yk2,3
r1,3
minimality,3
equivalent,3
refinement,3
jxj,3
σe,3
benzene,3
hydrogen,3
congruent,3
sylow,3
cj,3
characterization,3
a1,3
phism,3
death,3
0b,3
ac,3
cubic,3
essay,3
ωi,3
math,3
meet,3
duality,3
parallel,3
spirit,3
quantity,3
temperature,3
overf,3
transcendental,3
degq,3
cosine,3
beginning,3
p24,3
ω2r,3
burst,3
locator,3
quintic,3
1τσ,3
freedom,3
copyleft,3
option,3
dedication,3
compilation,3
acknowledgement,2
comment,2
assistance,2
aspect,2
instructor,2
presentation,2
dependency,2
level,2
heart,2
accuracy,2
simplicity,2
simulation,2
explanation,2
propo,2
suggestion,2
strategy,2
counterexample,2
contrapositive,2
objective,2
implie,2
4x2,2
imply,2
fy,2
graduate,2
n2,2
10n,2
well,2
dk,2
ra,2
sieve,2
fbg,2
ratio,2
modulo,2
orientation,2
array,2
operator,2
nf0,2
ntime,2
contemporary,2
experience,2
9x,2
5x,2
abna,2
jzj,2
uct,2
store,2
deter,2
radian,2
isin,2
z10,2
ω7,2
million,2
moment,2
ng,2
remembering,2
procedure,2
light,2
andb,2
village,2
and,2
ga,2
talent,2
ingl,2
γαγ,2
aim,2
recipient,2
punctuation,2
guess,2
observation,2
instruction,2
1990,2
yd,2
kϕ,2
period,2
nation,2
mail,2
community,2
cryptology,2
aphuo,2
ceiling,2
sqrt,2
speed,2
2n,2
combinatoric,2
device,2
encode,2
signal,2
zm,2
hamming,2
coincidence,2
request,2
ik,2
11y,2
12y,2
21y,2
m1y,2
m2y,2
decoding,2
maximum,2
co,2
follow,2
gb,2
admission,2
sub,2
hziisasubgroup,2
permu,2
1ng,2
abn,2
acn,2
bdn,2
multiplying,2
turn,2
1960,2
triangular,2
1i,2
1h,2
1nh,2
letg,2
address,2
detb,2
multiplie,2
dot,2
hy,2
αyi,2
αhx,2
yi,2
preserving,2
kayk2,2
counterclockwise,2
thatis,2
2hf,2
sinϕ,2
hence,2
molecule,2
shape,2
rhombic,2
p3m1,2
gα1,2
gk1,2
gkn,2
attention,2
tr,2
asp,2
gr,2
hghi,2
h15i,2
black,2
1bg,2
jyj,2
isotropy,2
wire,2
compound,2
necktie,2
band,2
jpj,2
chance,2
lie,2
colleague,2
11k,2
achievement,2
di,2
substructure,2
homo,2
homomor,2
rg,2
pz,2
soldier,2
teacher,2
view,2
commutativity,2
nxn,2
degg,2
polyno,2
mial,2
cx,2
ax3,2
today,2
matician,2
contest,2
blow,2
story,2
oath,2
credit,2
charf,2
resolvent,2
cf,2
bdf,2
ub,2
tphe,2
zw,2
irreducible,2
qw,2
ti,2
business,2
ruler,2
acceptance,2
queen,2
encouragement,2
inequality,2
theoreticinclusion,2
a_b,2
a_o,2
circuitry,2
current,2
friend,2
ematic,2
other,2
spanning,2
dependence,2
unknown,2
dimv,2
setting,2
independence,2
andw,2
ofdimension,2
ip,2
5ig,2
lete,2
thesis,2
margin,2
pn,2
bpn,2
separability,2
βpn,2
α3,2
link,2
tn,2
implication,2
µg,2
xp,2
fid,2
entrance,2
ini,2
xn1,2
4c,2
editor,2
formatter,2
access,2
endorsement,2
organization,2
disclaimer,2
sublicense,2
receipt,2
draft,2
proxy,2
7z,2
cyclic,2
bag,2
ker,2
abstract,1
reviewer,1
sugge,1
staff,1
guidance,1
pleasure,1
decision,1
print,1
pdf,1
preface,1
undergraduate,1
engineering,1
minor,1
encounter,1
environment,1
motivation,1
chart,1
prerequisite,1
sophistication,1
sophomore,1
category,1
computa,1
prob,1
lem,1
thought,1
minute,1
relavent,1
que,1
exploration,1
sagemath,1
cocalc,1
com3,1
selection,1
viii,1
xii,1
preliminary,1
maturity,1
background,1
laboratory,1
chem,1
istry,1
experiment,1
theo,1
rie,1
experimentation,1
argu,1
cat,1
ofastatement,1
thumb,1
2pa,1
mistake,1
diﬀicultie,1
reminder,1
phrase,1
insight,1
intuition,1
capital,1
brace,1
numberg,1
ana,1
bna,1
assign,1
top,1
bottom,1
20x,1
2x2,1
thefunction,1
ifithasaninverse,1
logarithm,1
3y,1
3by,1
qru,1
constant,1
iai,1
mathe,1
website,1
fxg,1
3q,1
nf,1
r2n,1
der,1
subsets,1
beastatement,1
factorial,1
issue,1
bk,1
ak,1
arq,1
bsq,1
rq,1
sq,1
0andddividesa,1
dh,1
hr,1
ber,1
quence,1
aq,1
andssuchthatar,1
substitute,1
euclid,1
antiq,1
conjec,1
ture,1
exception,1
bgg,1
pairwise,1
denotedbylcm,1
noticing,1
plexity,1
counting,1
biology,1
physic,1
confusion,1
ns,1
rearrangement,1
arrange,1
return,1
placement,1
sowehave3,1
triangleby120,1
clockwise,1
asymmetry,1
operationonz,1
bymodularaddition,1
tive,1
orhasfiniteorder,1
aea,1
ae,1
gmgn,1
gm,1
gmn,1
memoir,1
meth,1
od,1
devel,1
treatment,1
pandqare,1
lineargroup,1
coordinatewise,1
isagroup,1
wemustshowthate,1
whereeis,1
firstassumethath,1
gg,1
gap,1
quantum,1
thentheequation,1
fnk,1
zerog,1
proveordisprove,1
thesetof2,1
fghg,1
prod,1
grocery,1
manufacturer,1
where0,1
house,1
prefix,1
am,1
fna,1
generate,1
h2i,1
say,1
asar,1
1z,1
zp,1
modulus,1
rsinθ,1
rcisθ,1
measurement,1
representationpof,1
6cis,1
znz,1
cosnθcosθ,1
sinnθsinθ,1
cosnθsinθ,1
10cis,1
32cis,1
32i,1
multiplicativegroup,1
interestingsubgroup,1
2kπ,1
ω5,1
disposal,1
thousand,1
2kn,1
roup,1
gene,1
followin,1
i45,1
nandgcd,1
αm,1
dence,1
ory,1
associative,1
inconsistency,1
opposite,1
since,1
fb,1
σ2,1
transposi,1
rσ,1
height,1
neighbor,1
evennumberofvertice,1
5since,1
midpoint,1
andsagesupport,1
beginner,1
compo,1
reverse,1
σασ,1
hσi,1
1στ,1
1αβ,1
fgh,1
lagrange,1
jhgij,1
στσ,1
descent,1
king,1
court,1
mentor,1
physicsandmechanic,1
thetheoryofequation,1
generation,1
calculator,1
thepermutationσ,1
pe1pe2,1
phy,1
assurance,1
mark,1
blank,1
parameter,1
sender,1
wish,1
vice,1
transformationf,1
dojheud,1
statistic,1
aid,1
21p,1
oneplaintextletter,1
rrgr,1
date,1
second,1
xkm,1
xkmx,1
convenience,1
1400,1
security,1
1800,1
foundation,1
encrypt,1
banking,1
transaction,1
datum,1
forerunner,1
trapdoor,1
knapsack,1
semiprime,1
cash,1
prize,1
http,1
www,1
controversy,1
dismissedthe,1
ground,1
gentleman,1
routine,1
curve,1
proposal,1
egehu,1
enohk,1
zfteh,1
xdrte,1
rgaga,1
significance,1
provethata2,1
see,1
factoring,1
goto,1
screening,1
pseudo,1
carmichaelnumber,1
primality,1
game,1
idence,1
lastseveraldecade,1
radio,1
telephone,1
television,1
technology,1
encoder,1
indication,1
evenparity,1
moree,1
ici,1
ent,1
increase,1
drawback,1
differ,1
continuity,1
transmitter,1
reception,1
event,1
qkpn,1
qpn,1
q2pn,1
correcting,1
thedistance,1
rightmost,1
correct,1
blockcode,1
smarinerspaceprobe,1
probe,1
convolution,1
encod,1
xty,1
xt1,1
multi,1
plication,1
ann,1
standardgenerator,1
serve,1
gy,1
dard,1
generating,1
hgx,1
detectinganderror,1
1b,1
isasingleerror,1
suﬀicient,1
thatisasingleerror,1
correctingcode,1
eﬀicient,1
stage,1
impediment,1
repertoire,1
decode,1
probabilityof,1
repeat,1
checkmatrice,1
canon,1
cise,1
deciding,1
infor,1
mation,1
zn,1
26,1
binary,1
hill,1
thetheoryoferror,1
glance,1
renaming,1
suspect,1
demonstrate,1
thereexistelement,1
contrary,1
ea,1
merchant,1
lawyer,1
adult,1
twenty,1
profession,1
writing,1
statute,1
sake,1
clarity,1
aretheidentitie,1
sincemistheleast,1
thenz,1
cannotbecyclic,1
r2s,1
2m3n,1
ifghassubgroupsh,1
andk,1
fziyj,1
hzi,1
uniquely,1
zmyn,1
bn,1
dn,1
bnd,1
srs,1
elementr,1
normality,1
permuation,1
utility,1
1950,1
impetus,1
organizer,1
8z,1
provethath,1
sinαsinβ,1
fashion,1
verse,1
isagrouphomomorphism,1
wealreadyknowthatk,1
orem,1
commute,1
gn,1
fhn,1
hn,1
mnz,1
potential,1
contrast,1
minant,1
jnj,1
respec,1
aut,1
ka,1
αy,1
transpose,1
tobeat,1
thendet,1
istheorthogonalgroup,1
6a,1
kxk,1
hαx,1
nj,1
aat,1
orthonormal,1
tay,1
ayk2,1
anelement,1
orthogonality,1
thoseelementsino,1
withdeterminant,1
1x,1
yk,1
linearity,1
sayθ,1
kerϕj,1
trn,1
diman,1
analog,1
tern,1
ny,1
sayfx,1
bg,1
pg,1
cm,1
pmm,1
pmg,1
pgg,1
mm,1
p31,1
eighteenth,1
5a,1
verify,1
gram,1
following,1
dodecahedron,1
givena,1
sp,1
pα1,1
p0,1
gpαi,1
kk,1
pβ,1
aibi,1
gaibi,1
hpm,1
ps,1
gpm,1
bh,1
h6i,1
h12i,1
h30i,1
nonproper,1
1ab,1
living,1
gx,1
consideration,1
acting,1
hgh,1
gxh,1
f4,1
fg,1
gz,1
amx,1
22n,1
ble,1
variablesoff,1
givesg,1
lead,1
thisnumber,1
weillustrate,1
combinatorial,1
graduation,1
die,1
silver,1
copper,1
hexagon,1
carbon,1
chlorine,1
chemical,1
ics,1
eidswick,1
azine,1
cauchy,1
hasanelement,1
hkh,1
injection,1
gp,1
pr,1
1p,1
fpg,1
byconjugation,1
highschool,1
kq,1
mustdivide11,1
sy,1
subgrouph,1
gi,1
sort,1
bytheorem14,1
room,1
nonprime,1
groundwork,1
success,1
fuss,1
pk,1
pnk,1
hph,1
areprimesandp,1
pkm,1
faba,1
guide,1
ifthereisanonzero,1
cc,1
αβαβ,1
0r,1
arering,1
nz,1
0ϕ,1
bearinghomomorphism,1
char,1
fra,1
isanintegraldomain,1
thatab,1
daughter,1
education,1
resistance,1
presence,1
doctorate,1
unsuccess,1
faculty,1
lecturer,1
foot,1
sex,1
candidate,1
privatdozent,1
bathhouse,1
attitude,1
habilitation,1
examination,1
lecture,1
invitation,1
spite,1
recognition,1
lifetime,1
bureaucracy,1
participation,1
activity,1
nt,1
hasasolution,1
talk,1
severalcpu,1
weknowthat2134,1
conversion,1
subcomputation,1
puting,1
itie,1
infinite,1
speculate,1
disprovpe,1
andj,1
beideal,1
fi,1
byr,1
uru,1
ss,1
tent,1
ington,1
xk,1
xi,1
dition,1
kb,1
jc,1
xi5,1
isnotthezero,1
fore,1
thenp,1
ff,1
similarity,1
dp,1
cα,1
mc,1
irreducibility,1
rion,1
fp,1
hx2i,1
nomial,1
hf,1
ax2,1
andconicsection,1
secrecy,1
weapon,1
opponent,1
deathbed,1
ca,1
youth,1
sword,1
attack,1
savage,1
wound,1
speech,1
obscurity,1
obligation,1
agli,1
dispute,1
14x,1
21x,1
wherep,1
11x,1
py2,1
pz2,1
4pr,1
polynomialring,1
yield,1
bed,1
toshow,1
aed,1
1cd,1
isomor,1
rem,1
3ig,1
complex,1
wpin,1
solutipon,1
showps,1
br,1
bxandb,1
ayx,1
habi,1
sn,1
bycorollary18,1
maynotbeaninteger,1
properfraction,1
5x4,1
sb,1
lary,1
distinction,1
child,1
prodigy,1
college,1
dissertation,1
nupmber,1
branch,1
director,1
ematics,1
astronomy,1
mechanic,1
optic,1
geodesy,1
magnetism,1
telegraph,1
status,1
scrutiny,1
personality,1
enemy,1
hehadmanyoutstand,1
obstacle,1
abstraction,1
inpz,1
pprove,1
subdomain,1
ifthereexistelement,1
1r,1
rnp,1
real,1
fag,1
fcg,1
supremum,1
infimum,1
antisymmetry,1
isaposetorderedbyset,1
prototype,1
mention,1
a_a,1
o_a,1
occurring,1
usefulness,1
flow,1
terminal,1
inaseriescircuita,1
suite,1
functionality,1
po,1
head,1
deduction,1
consistency,1
scale,1
hierarchy,1
biologist,1
biosystem,1
generalize,1
givetwo,1
innovationof,1
twentieth,1
dg,1
letgbeagroupandx,1
mass,1
βv,1
theelementsofv,1
arecalledvector,1
20p,1
αα,1
islinearlydependent,1
iffe,1
wealth,1
thatpwill,1
fug,1
elpement,1
letv,1
dimu,1
fol,1
functional,1
up,1
6th,1
exp,1
sio,1
op,1
seethis,1
p3isinep,1
mustpalso,1
arethen0,1
standing,1
iff,1
tal,1
hp,1
ααn,1
0α,1
combi,1
bα,1
machinery,1
fielpd,1
pover,1
thpat,1
pin,1
eiptherp,1
pf1,1
forpq,1
p21,1
wphere,1
dpetermine,1
pis,1
pwe,1
aﬀirmative,1
βn,1
splittingfieldofp,1
alloftherootsofp,1
subangle,1
depth,1
trisection,1
jαj,1
4ade,1
coordinatespandq,1
coordi,1
nate,1
chord,1
fromtheseequation,1
max,1
cubpe,1
cos2θ,1
3α,1
implementation,1
advance,1
sstudent,1
cen,1
turie,1
dent,1
theoretic,1
cos1,1
bean,1
andletσ,1
sho,1
pw,1
thapt,1
walker,1
raphy,1
honor,1
akbp,1
example2p2,1
pit,1
αpnβpn,1
thefinitefieldgf,1
α11,1
α12,1
α13,1
α14,1
α5,1
α10,1
α15,1
zk,1
register,1
1xk,1
2tn,1
knowthateveryideali,1
inz,1
isafield,1
x7,1
dermonde,1
cofactor,1
estimate,1
bilitie,1
xi0,1
xi1,1
ωr,1
failure,1
rate,1
ω4r,1
1ω2r,1
acodepolynomialf,1
isinc,1
exactlywhen,1
x15,1
dream,1
ht,1
apn,1
jej,1
surge,1
interference,1
ωia,1
ωa,1
t12,1
t13,1
antiquity,1
cx3,1
interdependence,1
insolvability,1
0i,1
aputomorpphism,1
σpτ,1
psp,1
cpe,1
apre,1
αpm,1
xpnr,1
ple,1
4pi,1
thesplittingfieldoff,1
ofq,1
nr,1
impo,1
xnp,1
polynomialofα,1
thefielde,1
byproposition23,1
automorphismsin,1
ship,1
restriction,1
extensiopns,1
ofpx4,1
tphen,1
σ2τ,1
σ2τgfid,1
extraor,1
quirement,1
examiner,1
genius,1
sympathy,1
prison,1
turmoil,1
release,1
duel,1
love,1
affair,1
evening,1
subtraction,1
extraction,1
taking,1
ωjζ,1
beagenerator,1
isabelian,1
ωβ,1
τn,1
sign,1
interchange,1
sproof,1
elepment,1
culus,1
completeness,1
essence,1
debate,1
preparation,1
thpe,1
px,1
preamble,1
effec,1
becausefree,1
applicability,1
royalty,1
duration,1
herein,1
licensee,1
portion,1
specification,1
paint,1
drawing,1
file,1
opaqueformat,1
proce,1
sor,1
body,1
subunit,1
parenthesis,1
warranty,1
effect,1
verbatim,1
measure,1
compensation,1
exchange,1
youmayalsolendcopie,1
display,1
download,1
agent,1
retailer,1
ument,1
authorship,1
sentence,1
substance,1
tone,1
contributor,1
ortoconflictintitle,1
dorsement,1
review,1
standard,1
behalf,1
publicity,1
docu,1
theoriginaldocument,1
adjustment,1
aggregation,1
works,1
storage,1
user,1
individual,1
disagreement,1
tory,1
termination,1
explic,1
cessation,1
future,1
revision,1
concern,1
nent,1
facility,1
wiki,1
share,1
pub,1
profit,1
corporation,1
subse,1
replacethe,1
merge,1
alternative,1
f5,1
isone,1
isneitherone,1
6n,1
2pbd,1
18i,1
2cis,1
hhij,1
4ϕ,1
picture,1
gaba,1
withh,1
thenghg,1
isaproductofel,1
ement,1
kx,1
hx,1
fng,1
r2nf0,1
abcd,1
quarter,1
thefoursylow3,1
1ba,1
look,1
a_b_a,1
2ig,1
bapsis,1
p7,1
2por,1
α36,1
conclude,1
2ωp,1
anb,1
jaj,1
cisθ,1
indeterminant,1
dual,1
falting,1
principal,1
